USE MediCore;

-- ============================================================
-- BLOCK 1: Hospitals (6 hospitals across different states/types)
-- ============================================================
INSERT INTO Hospitals (hospital_name, city, state, type, bed_capacity, established_yr) VALUES
('Metro General Hospital',       'New York',      'NY', 'Public',     850, 1978),
('Sunrise Medical Center',       'Los Angeles',   'CA', 'Private',    620, 1995),
('Lakewood Community Hospital',  'Chicago',       'IL', 'Non-Profit', 430, 1983),
('Pinnacle Health Institute',    'Houston',       'TX', 'Private',    710, 2001),
('Blue Ridge Medical Center',    'Atlanta',       'GA', 'Public',     390, 1969),
('Pacific Coast Clinic',         'Seattle',       'WA', 'Non-Profit', 280, 2008);

-- ============================================================
-- BLOCK 2: Departments (3 per hospital = 18 departments)
-- ============================================================
INSERT INTO Departments (hospital_id, dept_name, floor_number) VALUES
(1, 'Cardiology',        3), (1, 'Neurology',         4), (1, 'Orthopedics',      2),
(2, 'Cardiology',        2), (2, 'Oncology',           5), (2, 'Pediatrics',       1),
(3, 'General Medicine',  1), (3, 'Orthopedics',        2), (3, 'Psychiatry',       3),
(4, 'Cardiology',        4), (4, 'Neurology',          3), (4, 'Oncology',         6),
(5, 'General Medicine',  1), (5, 'Pediatrics',         2), (5, 'Psychiatry',       3),
(6, 'Oncology',          3), (6, 'Cardiology',         2), (6, 'General Medicine', 1);

-- ============================================================
-- BLOCK 3: Insurance Providers
-- ============================================================
INSERT INTO Insurance_Providers (provider_name, coverage_type, max_coverage, contact_email) VALUES
('BlueCross BlueShield', 'Premium',  150000.00, 'claims@bcbs.com'),
('UnitedHealthcare',     'Standard',  80000.00, 'support@uhc.com'),
('Aetna',                'Premium',  120000.00, 'claims@aetna.com'),
('Medicare',             'Basic',     50000.00, 'info@medicare.gov'),
('Cigna',                'Standard',  90000.00, 'claims@cigna.com'),
('Humana',               'Basic',     45000.00, 'support@humana.com');

-- ============================================================
-- BLOCK 4: Doctors (3 per hospital = 18 doctors)
-- ============================================================
INSERT INTO Doctors (hospital_id, department_id, full_name, specialization, years_exp, contact_email, joining_date, status) VALUES
(1,  1,  'Dr. Sarah Mitchell',   'Cardiologist',       15, 'smitchell@metrogeneral.com',    '2010-03-15', 'Active'),
(1,  2,  'Dr. James Thornton',   'Neurologist',        12, 'jthornton@metrogeneral.com',    '2013-07-01', 'Active'),
(1,  3,  'Dr. Priya Kapoor',     'Orthopedic Surgeon', 8,  'pkapoor@metrogeneral.com',      '2017-01-20', 'Active'),
(2,  4,  'Dr. Carlos Rivera',    'Cardiologist',       20, 'crivera@sunrisemedical.com',    '2005-06-10', 'Active'),
(2,  5,  'Dr. Linda Zhao',       'Oncologist',         17, 'lzhao@sunrisemedical.com',      '2008-09-22', 'Active'),
(2,  6,  'Dr. Kevin Patel',      'Pediatrician',       6,  'kpatel@sunrisemedical.com',     '2019-04-11', 'On Leave'),
(3,  7,  'Dr. Anna Kowalski',    'General Practitioner',10,'akowalski@lakewood.com',        '2015-02-28', 'Active'),
(3,  8,  'Dr. Brian Foster',     'Orthopedic Surgeon', 14, 'bfoster@lakewood.com',          '2011-08-05', 'Active'),
(3,  9,  'Dr. Monica Shah',      'Psychiatrist',       9,  'mshah@lakewood.com',            '2016-11-17', 'Active'),
(4,  10, 'Dr. David Kim',        'Cardiologist',       22, 'dkim@pinnaclehealth.com',       '2003-01-30', 'Active'),
(4,  11, 'Dr. Rachel Green',     'Neurologist',        11, 'rgreen@pinnaclehealth.com',     '2014-05-19', 'Active'),
(4,  12, 'Dr. Omar Hassan',      'Oncologist',         16, 'ohassan@pinnaclehealth.com',    '2009-03-08', 'Resigned'),
(5,  13, 'Dr. Patricia Nguyen',  'General Practitioner',7, 'pnguyen@blueridge.com',         '2018-07-23', 'Active'),
(5,  14, 'Dr. Steven Clark',     'Pediatrician',       13, 'sclark@blueridge.com',          '2012-10-14', 'Active'),
(5,  15, 'Dr. Elena Russo',      'Psychiatrist',       5,  'erusso@blueridge.com',          '2020-01-06', 'Active'),
(6,  16, 'Dr. Thomas Wright',    'Oncologist',         19, 'twright@pacificcoast.com',      '2006-04-25', 'Active'),
(6,  17, 'Dr. Aisha Johnson',    'Cardiologist',       8,  'ajohnson@pacificcoast.com',     '2017-09-30', 'Active'),
(6,  18, 'Dr. Nathan Lee',       'General Practitioner',4, 'nlee@pacificcoast.com',         '2021-03-15', 'Active');

-- ============================================================
-- BLOCK 5: Patients (30 patients, some will have multiple admissions)
-- ============================================================
INSERT INTO Patients (full_name, dob, gender, blood_type, contact_phone, contact_email, city, state) VALUES
('James Harrington',    '1958-04-12', 'Male',   'O+',  '212-555-0101', 'jharrington@email.com',  'New York',    'NY'),
('Sophia Delgado',      '1972-09-28', 'Female', 'A-',  '310-555-0102', 'sdelgado@email.com',     'Los Angeles', 'CA'),
('Michael Okafor',      '1985-11-03', 'Male',   'B+',  '773-555-0103', 'mokafor@email.com',      'Chicago',     'IL'),
('Linda Beaumont',      '1949-06-17', 'Female', 'AB+', '713-555-0104', 'lbeaumont@email.com',    'Houston',     'TX'),
('Robert Tran',         '1990-02-25', 'Male',   'O-',  '404-555-0105', 'rtran@email.com',        'Atlanta',     'GA'),
('Angela Forsythe',     '1965-08-14', 'Female', 'A+',  '206-555-0106', 'aforsythe@email.com',    'Seattle',     'WA'),
('William Nakamura',    '1978-12-30', 'Male',   'B-',  '212-555-0107', 'wnakamura@email.com',    'New York',    'NY'),
('Karen Osei',          '1993-03-07', 'Female', 'O+',  '310-555-0108', 'kosei@email.com',        'Los Angeles', 'CA'),
('Daniel Petrov',       '1955-07-22', 'Male',   'A+',  '773-555-0109', 'dpetrov@email.com',      'Chicago',     'IL'),
('Maria Castellano',    '1968-10-11', 'Female', 'AB-', '713-555-0110', 'mcastellano@email.com',  'Houston',     'TX'),
('Charles Whitfield',   '1942-01-05', 'Male',   'O+',  '404-555-0111', 'cwhitfield@email.com',   'Atlanta',     'GA'),
('Fatima Al-Rashid',    '1980-05-19', 'Female', 'B+',  '206-555-0112', 'falrashid@email.com',    'Seattle',     'WA'),
('Henry Johansson',     '1970-09-08', 'Male',   'A-',  '212-555-0113', 'hjohansson@email.com',   'New York',    'NY'),
('Grace Adeyemi',       '1988-04-23', 'Female', 'O-',  '310-555-0114', 'gadeyemi@email.com',     'Los Angeles', 'CA'),
('Samuel Nguyen',       '1963-12-16', 'Male',   'B+',  '773-555-0115', 'snguyen@email.com',      'Chicago',     'IL'),
('Dorothy Walsh',       '1945-07-04', 'Female', 'A+',  '713-555-0116', 'dwalsh@email.com',       'Houston',     'TX'),
('Christopher Obi',     '1995-02-11', 'Male',   'AB+', '404-555-0117', 'cobi@email.com',         'Atlanta',     'GA'),
('Natalie Ferreira',    '1977-08-27', 'Female', 'O+',  '206-555-0118', 'nferreira@email.com',    'Seattle',     'WA'),
('George Andersen',     '1960-03-14', 'Male',   'B-',  '212-555-0119', 'gandersen@email.com',    'New York',    'NY'),
('Yuki Tanaka',         '1983-11-09', 'Female', 'A+',  '310-555-0120', 'ytanaka@email.com',      'Los Angeles', 'CA'),
('Paul Nkemdirim',      '1952-06-01', 'Male',   'O+',  '773-555-0121', 'pnkemdirim@email.com',   'Chicago',     'IL'),
('Irene Vasquez',       '1974-01-18', 'Female', 'AB+', '713-555-0122', 'ivasquez@email.com',     'Houston',     'TX'),
('Thomas Erikson',      '1987-10-05', 'Male',   'A-',  '404-555-0123', 'terikson@email.com',     'Atlanta',     'GA'),
('Olivia Mensah',       '1998-07-21', 'Female', 'O+',  '206-555-0124', 'omensah@email.com',      'Seattle',     'WA'),
('Frank Yamamoto',      '1956-04-30', 'Male',   'B+',  '212-555-0125', 'fyamamoto@email.com',    'New York',    'NY'),
('Sandra Kowalczyk',    '1969-09-13', 'Female', 'A+',  '310-555-0126', 'skowalczyk@email.com',   'Los Angeles', 'CA'),
('Raymond Diallo',      '1991-12-28', 'Male',   'O-',  '773-555-0127', 'rdiallo@email.com',      'Chicago',     'IL'),
('Helen Papadopoulos',  '1947-03-09', 'Female', 'AB-', '713-555-0128', 'hpapadopoulos@email.com','Houston',     'TX'),
('Victor Okonkwo',      '1982-08-16', 'Male',   'B+',  '404-555-0129', 'vokonkwo@email.com',     'Atlanta',     'GA'),
('Christine Leblanc',   '1975-05-24', 'Female', 'O+',  '206-555-0130', 'cleblanc@email.com',     'Seattle',     'WA');

-- ============================================================
-- BLOCK 6: Admissions (40 admissions — some patients readmitted)
-- ============================================================
INSERT INTO Admissions (patient_id, hospital_id, doctor_id, department_id, admission_date, discharge_date, admission_type, room_number, medical_condition, test_results, status) VALUES
(1,  1, 1,  1,  '2022-01-10', '2022-01-18', 'Emergency', 101, 'Heart Failure',        'Abnormal',     'Discharged'),
(2,  2, 4,  4,  '2022-02-14', '2022-02-20', 'Elective',  201, 'Coronary Artery Disease','Normal',     'Discharged'),
(3,  3, 7,  7,  '2022-03-05', '2022-03-12', 'Urgent',    301, 'Diabetes',             'Inconclusive', 'Discharged'),
(4,  4, 10, 10, '2022-04-18', '2022-04-25', 'Emergency', 401, 'Heart Failure',        'Abnormal',     'Discharged'),
(5,  5, 13, 13, '2022-05-22', '2022-05-28', 'Elective',  102, 'Appendicitis',         'Normal',       'Discharged'),
(6,  6, 16, 16, '2022-06-09', '2022-06-19', 'Urgent',    202, 'Lung Cancer',          'Abnormal',     'Discharged'),
(7,  1, 2,  2,  '2022-07-14', '2022-07-22', 'Emergency', 103, 'Stroke',               'Abnormal',     'Discharged'),
(8,  2, 5,  5,  '2022-08-01', '2022-08-15', 'Elective',  302, 'Breast Cancer',        'Inconclusive', 'Discharged'),
(9,  3, 8,  8,  '2022-09-11', '2022-09-18', 'Urgent',    402, 'Knee Replacement',     'Normal',       'Discharged'),
(10, 4, 11, 11, '2022-10-03', '2022-10-14', 'Emergency', 104, 'Brain Tumor',          'Abnormal',     'Discharged'),
(11, 5, 14, 14, '2022-11-17', '2022-11-24', 'Elective',  203, 'Asthma',               'Normal',       'Discharged'),
(12, 6, 17, 17, '2022-12-05', '2022-12-13', 'Urgent',    303, 'Arrhythmia',           'Inconclusive', 'Discharged'),
(13, 1, 3,  3,  '2023-01-20', '2023-01-28', 'Emergency', 105, 'Hip Fracture',         'Normal',       'Discharged'),
(14, 2, 6,  6,  '2023-02-08', '2023-02-16', 'Elective',  403, 'Pneumonia',            'Normal',       'Discharged'),
(15, 3, 9,  9,  '2023-03-14', '2023-03-25', 'Urgent',    106, 'Depression',           'Inconclusive', 'Discharged'),
(16, 4, 10, 10, '2023-04-02', '2023-04-10', 'Emergency', 204, 'Coronary Artery Disease','Abnormal',   'Discharged'),
(17, 5, 13, 13, '2023-05-19', '2023-05-26', 'Elective',  404, 'Appendicitis',         'Normal',       'Discharged'),
(18, 6, 16, 16, '2023-06-07', '2023-06-18', 'Urgent',    107, 'Lung Cancer',          'Abnormal',     'Discharged'),
(19, 1, 1,  1,  '2023-07-23', '2023-08-01', 'Emergency', 304, 'Heart Failure',        'Abnormal',     'Discharged'),
(20, 2, 4,  4,  '2023-08-11', '2023-08-17', 'Elective',  205, 'Arrhythmia',           'Normal',       'Discharged'),
-- Readmissions start here (same patients, different episodes)
(1,  1, 1,  1,  '2023-09-05', '2023-09-15', 'Emergency', 108, 'Heart Failure',        'Abnormal',     'Discharged'),
(3,  3, 7,  7,  '2023-09-20', '2023-09-28', 'Urgent',    405, 'Diabetes',             'Normal',       'Discharged'),
(4,  4, 10, 10, '2023-10-12', '2023-10-22', 'Emergency', 109, 'Heart Failure',        'Abnormal',     'Critical'),
(6,  6, 16, 16, '2023-11-01', '2023-11-14', 'Urgent',    206, 'Lung Cancer',          'Abnormal',     'Discharged'),
(9,  3, 8,  8,  '2023-11-25', '2023-12-05', 'Elective',  406, 'Knee Replacement',     'Normal',       'Discharged'),
(10, 4, 11, 11, '2023-12-10', NULL,          'Emergency', 110, 'Brain Tumor',          'Abnormal',     'Critical'),
(21, 3, 7,  7,  '2024-01-08', '2024-01-15', 'Elective',  307, 'Diabetes',             'Normal',       'Discharged'),
(22, 4, 10, 10, '2024-01-22', '2024-01-30', 'Urgent',    111, 'Coronary Artery Disease','Inconclusive','Discharged'),
(23, 5, 15, 15, '2024-02-14', '2024-02-22', 'Elective',  407, 'Anxiety Disorder',     'Normal',       'Discharged'),
(24, 6, 18, 18, '2024-03-01', '2024-03-09', 'Urgent',    208, 'Gastritis',            'Normal',       'Discharged'),
(25, 1, 2,  2,  '2024-03-18', '2024-03-27', 'Emergency', 112, 'Stroke',               'Abnormal',     'Discharged'),
(26, 2, 5,  5,  '2024-04-05', '2024-04-18', 'Elective',  308, 'Ovarian Cancer',       'Inconclusive', 'Discharged'),
(27, 3, 9,  9,  '2024-04-22', '2024-05-03', 'Urgent',    113, 'Bipolar Disorder',     'Inconclusive', 'Discharged'),
(28, 4, 10, 10, '2024-05-10', '2024-05-18', 'Emergency', 408, 'Heart Failure',        'Abnormal',     'Discharged'),
(1,  1, 1,  1,  '2024-06-02', '2024-06-12', 'Emergency', 114, 'Heart Failure',        'Abnormal',     'Discharged'),
(29, 5, 13, 13, '2024-06-20', '2024-06-27', 'Elective',  209, 'Appendicitis',         'Normal',       'Discharged'),
(30, 6, 17, 17, '2024-07-08', '2024-07-16', 'Urgent',    309, 'Arrhythmia',           'Normal',       'Discharged'),
(10, 4, 11, 11, '2024-08-01', NULL,          'Emergency', 115, 'Brain Tumor',          'Abnormal',     'Critical'),
(4,  4, 10, 10, '2024-09-14', '2024-09-25', 'Emergency', 410, 'Heart Failure',        'Abnormal',     'Discharged'),
(15, 3, 9,  9,  '2024-10-05', '2024-10-18', 'Urgent',    116, 'Depression',           'Normal',       'Discharged');

-- ============================================================
-- BLOCK 7: Treatments (2 per admission = 80 records)
-- ============================================================
INSERT INTO Treatments (admission_id, treatment_name, medication, dosage, treatment_date, treatment_cost, outcome) VALUES
(1,  'ECG Monitoring',        'Furosemide',    '40mg daily',    '2022-01-10', 1200.00, 'Successful'),
(1,  'Cardiac Catheterization',NULL,            NULL,            '2022-01-14', 8500.00, 'Successful'),
(2,  'Angioplasty',           'Aspirin',       '100mg daily',   '2022-02-15', 12000.00,'Successful'),
(2,  'Statin Therapy',        'Atorvastatin',  '20mg daily',    '2022-02-18', 800.00,  'Ongoing'),
(3,  'Blood Sugar Monitoring','Metformin',     '500mg twice',   '2022-03-05', 500.00,  'Ongoing'),
(3,  'Dietary Counseling',    NULL,             NULL,            '2022-03-08', 300.00,  'Successful'),
(4,  'ECG Monitoring',        'Digoxin',       '0.25mg daily',  '2022-04-18', 1200.00, 'Successful'),
(4,  'Heart Surgery',         'Heparin',       '5000 IU IV',    '2022-04-21', 45000.00,'Successful'),
(5,  'Appendectomy',          'Cefazolin',     '1g IV pre-op',  '2022-05-23', 9500.00, 'Successful'),
(5,  'Post-Op Care',          'Ibuprofen',     '400mg 8hrly',   '2022-05-25', 1500.00, 'Successful'),
(6,  'Chemotherapy',          'Cisplatin',     '75mg/m² IV',    '2022-06-10', 18000.00,'Ongoing'),
(6,  'Radiation Therapy',     NULL,             NULL,            '2022-06-15', 12000.00,'Ongoing'),
(7,  'MRI Brain Scan',        'tPA',           '0.9mg/kg IV',   '2022-07-14', 3200.00, 'Successful'),
(7,  'Physiotherapy',         NULL,             NULL,            '2022-07-18', 2400.00, 'Ongoing'),
(8,  'Biopsy',                NULL,             NULL,            '2022-08-02', 4500.00, 'Successful'),
(8,  'Chemotherapy',          'Paclitaxel',    '175mg/m² IV',   '2022-08-08', 16000.00,'Ongoing'),
(9,  'Knee Arthroscopy',      'Morphine',      '10mg IV',       '2022-09-12', 7800.00, 'Successful'),
(9,  'Physiotherapy',         'Naproxen',      '500mg twice',   '2022-09-15', 1800.00, 'Successful'),
(10, 'MRI Brain Scan',        NULL,             NULL,            '2022-10-04', 3500.00, 'Successful'),
(10, 'Craniotomy',            'Dexamethasone', '8mg IV',        '2022-10-08', 55000.00,'Ongoing'),
(11, 'Nebulization',          'Salbutamol',    '2.5mg nebulized','2022-11-18',600.00,  'Successful'),
(11, 'Pulmonary Function Test',NULL,            NULL,            '2022-11-20', 900.00,  'Successful'),
(12, 'ECG Holter Monitor',    'Amiodarone',    '200mg daily',   '2022-12-06', 1100.00, 'Ongoing'),
(12, 'Cardioversion',         NULL,             NULL,            '2022-12-10', 6500.00, 'Successful'),
(13, 'Hip Replacement Surgery','Warfarin',     '5mg daily',     '2023-01-21', 38000.00,'Successful'),
(13, 'Post-Op Physiotherapy', NULL,             NULL,            '2023-01-25', 2200.00, 'Successful'),
(14, 'Chest X-Ray',           'Amoxicillin',   '875mg twice',   '2023-02-09', 800.00,  'Successful'),
(14, 'IV Antibiotics',        'Azithromycin',  '500mg daily',   '2023-02-11', 2200.00, 'Successful'),
(15, 'Psychiatric Evaluation',NULL,             NULL,            '2023-03-15', 1200.00, 'Successful'),
(15, 'CBT Sessions',          'Sertraline',    '50mg daily',    '2023-03-18', 900.00,  'Ongoing'),
(16, 'Coronary Angiography',  'Clopidogrel',   '75mg daily',    '2023-04-03', 9500.00, 'Successful'),
(16, 'Bypass Surgery',        'Heparin',       '5000 IU IV',    '2023-04-06', 62000.00,'Successful'),
(17, 'Laparoscopic Surgery',  'Cefazolin',     '1g IV pre-op',  '2023-05-20', 8500.00, 'Successful'),
(17, 'Post-Op Care',          'Paracetamol',   '500mg 6hrly',   '2023-05-23', 1200.00, 'Successful'),
(18, 'Chemotherapy Round 2',  'Carboplatin',   'AUC 5 IV',      '2023-06-08', 19000.00,'Ongoing'),
(18, 'Immunotherapy',         'Pembrolizumab', '200mg IV',      '2023-06-13', 28000.00,'Ongoing'),
(19, 'ECG Monitoring',        'Furosemide',    '80mg daily',    '2023-07-23', 1200.00, 'Successful'),
(19, 'ICD Implantation',      'Amiodarone',    '400mg daily',   '2023-07-27', 32000.00,'Successful'),
(20, 'ECG Holter Monitor',    'Metoprolol',    '50mg twice',    '2023-08-12', 1100.00, 'Successful'),
(20, 'Ablation Therapy',      NULL,             NULL,            '2023-08-14', 15000.00,'Successful'),
(21, 'ECG Monitoring',        'Furosemide',    '40mg daily',    '2023-09-05', 1200.00, 'Successful'),
(21, 'Heart Valve Repair',    'Heparin',       '5000 IU IV',    '2023-09-09', 52000.00,'Successful'),
(22, 'Blood Sugar Monitoring','Insulin',       '10 units daily','2023-09-20', 500.00,  'Successful'),
(22, 'Dietary Counseling',    'Metformin',     '1000mg twice',  '2023-09-24', 300.00,  'Successful'),
(23, 'ECG Monitoring',        'Digoxin',       '0.25mg daily',  '2023-10-12', 1200.00, 'Successful'),
(23, 'Mechanical Assist Device',NULL,           NULL,            '2023-10-16', 78000.00,'Failed'),
(24, 'Chemotherapy Round 3',  'Vinorelbine',   '25mg/m² IV',    '2023-11-02', 21000.00,'Ongoing'),
(24, 'Palliative Care',       'Morphine',      '5mg 4hrly',     '2023-11-08', 3500.00, 'Ongoing'),
(25, 'Knee Revision Surgery', 'Morphine',      '15mg IV',       '2023-11-26', 9200.00, 'Successful'),
(25, 'Physiotherapy',         'Naproxen',      '500mg twice',   '2023-11-29', 2000.00, 'Successful'),
(26, 'MRI Brain Scan',        NULL,             NULL,            '2023-12-11', 3500.00, 'Successful'),
(26, 'Stereotactic Radiosurgery',NULL,          NULL,            '2023-12-15', 42000.00,'Ongoing'),
(27, 'Blood Sugar Monitoring','Metformin',     '500mg twice',   '2024-01-08', 500.00,  'Successful'),
(27, 'Insulin Therapy',       'Insulin Glargine','20 units',    '2024-01-11', 1200.00, 'Ongoing'),
(28, 'Coronary Angiography',  'Clopidogrel',   '75mg daily',    '2024-01-23', 9500.00, 'Successful'),
(28, 'Stent Placement',       'Aspirin',       '100mg daily',   '2024-01-26', 18000.00,'Successful'),
(29, 'Psychiatric Evaluation',NULL,             NULL,            '2024-02-15', 1200.00, 'Successful'),
(29, 'Exposure Therapy',      'Escitalopram',  '10mg daily',    '2024-02-18', 1500.00, 'Ongoing'),
(30, 'Endoscopy',             'Pantoprazole',  '40mg daily',    '2024-03-02', 2800.00, 'Successful'),
(30, 'H. Pylori Treatment',   'Clarithromycin','500mg twice',   '2024-03-05', 900.00,  'Successful'),
(31, 'MRI Brain Scan',        'tPA',           '0.9mg/kg IV',   '2024-03-19', 3200.00, 'Successful'),
(31, 'Thrombectomy',          NULL,             NULL,            '2024-03-21', 28000.00,'Successful'),
(32, 'Ovarian Biopsy',        NULL,             NULL,            '2024-04-06', 4200.00, 'Successful'),
(32, 'Chemotherapy',          'Carboplatin',   'AUC 5 IV',      '2024-04-10', 19000.00,'Ongoing'),
(33, 'Psychiatric Evaluation',NULL,             NULL,            '2024-04-23', 1200.00, 'Successful'),
(33, 'Mood Stabilizer Therapy','Lithium',      '300mg 3x daily','2024-04-27', 800.00,  'Ongoing'),
(34, 'ECG Monitoring',        'Furosemide',    '80mg daily',    '2024-05-11', 1200.00, 'Successful'),
(34, 'LVAD Implantation',     'Warfarin',      '5mg daily',     '2024-05-14', 95000.00,'Successful'),
(35, 'ECG Monitoring',        'Digoxin',       '0.125mg daily', '2024-06-03', 1200.00, 'Successful'),
(35, 'Pacemaker Implantation',NULL,             NULL,            '2024-06-07', 28000.00,'Successful'),
(36, 'Appendectomy',          'Cefazolin',     '1g IV pre-op',  '2024-06-21', 9500.00, 'Successful'),
(36, 'Post-Op Care',          'Ibuprofen',     '400mg 8hrly',   '2024-06-24', 1500.00, 'Successful'),
(37, 'ECG Holter Monitor',    'Flecainide',    '100mg twice',   '2024-07-09', 1100.00, 'Successful'),
(37, 'Cardioversion',         NULL,             NULL,            '2024-07-12', 6500.00, 'Successful'),
(38, 'MRI Brain Scan',        NULL,             NULL,            '2024-08-02', 3500.00, 'Successful'),
(38, 'Gamma Knife Radiosurgery',NULL,           NULL,            '2024-08-06', 48000.00,'Ongoing'),
(39, 'ECG Monitoring',        'Furosemide',    '80mg daily',    '2024-09-15', 1200.00, 'Successful'),
(39, 'Cardiac Resynchronization','Amiodarone', '200mg daily',   '2024-09-19', 41000.00,'Successful'),
(40, 'Psychiatric Evaluation',NULL,             NULL,            '2024-10-06', 1200.00, 'Successful'),
(40, 'CBT & Medication',      'Sertraline',    '100mg daily',   '2024-10-10', 1800.00, 'Successful');

-- ============================================================
-- BLOCK 8: Billing (one bill per admission)
-- ============================================================
INSERT INTO Billing (admission_id, provider_id, total_amount, insurance_covered, patient_paid, payment_status, payment_date) VALUES
(1,  4, 38500.00,  30000.00, 8500.00,  'Paid',           '2022-02-01'),
(2,  1, 52000.00,  50000.00, 2000.00,  'Paid',           '2022-03-10'),
(3,  2, 18000.00,  12000.00, 6000.00,  'Paid',           '2022-04-15'),
(4,  4, 75000.00,  45000.00, 30000.00, 'Partially Paid', '2022-05-20'),
(5,  3, 28500.00,  25000.00, 3500.00,  'Paid',           '2022-06-18'),
(6,  1, 95000.00, 120000.00, 0.00,     'Paid',           '2022-07-22'),
(7,  2, 42000.00,  35000.00, 7000.00,  'Paid',           '2022-08-30'),
(8,  5, 68000.00,  60000.00, 8000.00,  'Paid',           '2022-09-25'),
(9,  3, 32000.00,  28000.00, 4000.00,  'Paid',           '2022-10-20'),
(10, 1, 98000.00, 110000.00, 0.00,     'Paid',           '2022-11-28'),
(11, 6, 12000.00,   8000.00, 4000.00,  'Paid',           '2022-12-20'),
(12, 2, 28000.00,  22000.00, 6000.00,  'Paid',           '2023-01-15'),
(13, 4, 62000.00,  48000.00, 14000.00, 'Paid',           '2023-02-25'),
(14, 6, 18000.00,  12000.00, 6000.00,  'Paid',           '2023-03-20'),
(15, 5, 15000.00,  13000.00, 2000.00,  'Paid',           '2023-04-28'),
(16, 3, 88000.00,  85000.00, 3000.00,  'Paid',           '2023-05-15'),
(17, 4, 22000.00,  18000.00, 4000.00,  'Paid',           '2023-06-20'),
(18, 1,125000.00, 120000.00, 5000.00,  'Paid',           '2023-07-25'),
(19, 4, 58000.00,  45000.00, 13000.00, 'Paid',           '2023-08-30'),
(20, 2, 32000.00,  25000.00, 7000.00,  'Paid',           '2023-09-18'),
(21, 4, 88000.00,  48000.00, 40000.00, 'Partially Paid', '2023-10-05'),
(22, 2, 15000.00,  12000.00, 3000.00,  'Paid',           '2023-10-30'),
(23, 4, 98000.00,  48000.00, 50000.00, 'Partially Paid', NULL),
(24, 1,145000.00, 130000.00, 15000.00, 'Paid',           '2023-12-01'),
(25, 3, 38000.00,  35000.00, 3000.00,  'Paid',           '2024-01-05'),
(26, 1, 88000.00,  88000.00, 0.00,     'Paid',           '2024-01-20'),
(27, 2, 18000.00,  14000.00, 4000.00,  'Paid',           '2024-02-10'),
(28, 3, 52000.00,  48000.00, 4000.00,  'Paid',           '2024-02-28'),
(29, 5, 18000.00,  16000.00, 2000.00,  'Paid',           '2024-03-20'),
(30, 6, 12000.00,   8000.00, 4000.00,  'Paid',           '2024-04-10'),
(31, 2, 68000.00,  55000.00, 13000.00, 'Paid',           '2024-04-25'),
(32, 1, 88000.00,  88000.00, 0.00,     'Paid',           '2024-05-20'),
(33, 5, 22000.00,  18000.00, 4000.00,  'Paid',           '2024-06-01'),
(34, 4,145000.00,  48000.00, 97000.00, 'Partially Paid', '2024-06-15'),
(35, 4, 68000.00,  48000.00, 20000.00, 'Paid',           '2024-07-10'),
(36, 3, 28500.00,  25000.00, 3500.00,  'Paid',           '2024-07-25'),
(37, 2, 28000.00,  22000.00, 6000.00,  'Paid',           '2024-08-15'),
(38, 1,105000.00, 105000.00, 0.00,     'Pending',        NULL),
(39, 4, 82000.00,  48000.00, 34000.00, 'Paid',           '2024-10-20'),
(40, 5, 22000.00,  18000.00, 4000.00,  'Paid',           '2024-11-15');